Bullet Type,Bullet,Mach 2.25 G1,Mach 2.25 G7,Mach 2.0 G1,Mach 2.0 G7,Mach 1.75 G1,Mach 1.75 G7
ELD-VT,.22 cal 62gr ELD-VT,0.395,0.410,0.389,0.195,0.385,0.194
ELD-VT,6mm 80gr ELD-VT,0.410,0.206,0.406,0.204,0.403,0.203
ELD-VT,.22 cal 62gr ELD-VT,0.448,0.226,0.441,0.222,0.434,0.218
ELD-VT,6.5mm 100gr ELD-VT,0.573,0.289,0.564,0.283,0.563,0.283
A-Tip Match,22 cal 76 gr A-Tip Match,0.413,0.208,0.405,0.203,0.395,0.199
A-Tip Match,22 cal 90 gr A-Tip Match,0.585,0.295,0.575,0.289,0.556,0.280
A-Tip Match,6 mm 110 gr A-Tip Match,0.604,0.304,0.595,0.299,0.584,0.294
A-Tip Match,6.5 mm 135 gr A-Tip Match,0.637,0.321,0.626,0.314,0.613,0.309
A-Tip Match,6.5 mm 153 gr A-Tip Match,0.704,0.355,0.698,0.351,0.687,0.346
A-Tip Match,7 mm 166 gr A-Tip Match,0.664,0.332,0.653,0.326,0.650,0.325
A-Tip Match,7 mm 190 gr A-Tip Match,0.838,0.422,0.830,0.417,0.823,0.414
A-Tip Match,30 Cal 176 gr A-Tip Match,0.564,0.284,0.552,0.277,0.540,0.272
A-Tip Match,30 Cal 230 gr A-Tip Match,0.823,0.414,0.813,0.408,0.811,0.408
A-Tip Match,30 Cal 250 gr A-Tip Match,0.878,0.442,0.877,0.440,0.872,0.439
A-Tip Match,338 cal 300 gr A-Tip Match,0.863,0.435,0.860,0.432,0.850,0.428
A-Tip Match,375 cal 390 gr A-Tip Match,0.987,0.497,0.974,0.489,0.971,0.488
A-Tip Match,416 cal 500 gr A-Tip Match,0.976,0.493,0.964,0.484,0.946,0.476
ELD-X,6mm 90gr ELD-X,0.410,0.206,0.402,0.202,0.399,0.201
ELD-X,6mm 103gr ELD-X,0.512,0.258,0.505,0.253,0.498,0.251
ELD-X,25 Cal 110 gr ELD-X,0.465,0.234,0.457,0.229,0.451,0.227
ELD-X,6.5mm 143 gr ELD-X,0.623,0.314,0.604,0.303,0.584,0.294
ELD-X,270 Cal 145 gr ELD-X,0.536,0.270,0.521,0.262,0.512,0.257
ELD-X,7mm 150 gr ELD-X,0.574,0.289,0.563,0.283,0.558,0.281
ELD-X,7mm 162 gr ELD-X,0.631,0.318,0.626,0.314,0.615,0.308
ELD-X,7mm 175 gr ELD-X,0.689,0.347,0.683,0.343,0.678,0.341
ELD-X,30 Cal 178 gr ELD-X,0.552,0.278,0.543,0.273,0.538,0.271
ELD-X,30 Cal 200 gr ELD-X,0.597,0.301,0.588,0.295,0.578,0.291
ELD-X,30 Cal 212 gr ELD-X 1 in 10 Twist,0.663,0.334,0.649,0.326,0.643,0.324
ELD-X,30 Cal 212 gr ELD-X 1 in 7 Twist,0.702,0.354,0.686,0.345,0.677,0.341
ELD-X,30 Cal 220 gr ELD-X,0.654,0.329,0.643,0.323,0.643,0.323
ELD-X,338 Cal 230 gr ELD-X,0.616,0.310,0.616,0.309,0.608,0.306
ELD-X,338 Cal 270 gr ELD-X,0.757,0.381,0.745,0.374,0.739,0.372